{
  "experiment_info": {
    "timestamp": "2025-08-15 20:15:36",
    "device": "cuda:0",
    "compression_available": true,
    "mustafar_available": true,
    "pytorch_version": "2.6.0+cu124",
    "cuda_version": "12.4",
    "warmup_iterations": 10,
    "measurement_iterations": 50
  },
  "results": {
    "llama2_7b": {
      "cublas_dense_mv": {
        "avg_time_ms": 0.05657285451889038,
        "std_time_ms": 0.0012482309607043647,
        "times": [
          0.05884096026420593,
          0.05719810724258423,
          0.056799501180648804,
          0.05902722477912903,
          0.05709752440452576,
          0.05695223808288574,
          0.05688890814781189,
          0.05621090531349182,
          0.05665048956871033,
          0.05649402737617493,
          0.056374818086624146,
          0.056277960538864136,
          0.05650520324707031,
          0.05603209137916565,
          0.05634129047393799,
          0.05624443292617798,
          0.055771321058273315,
          0.056352466344833374,
          0.05581974983215332,
          0.05615130066871643,
          0.06365031003952026,
          0.05644559860229492,
          0.056274235248565674,
          0.05646422505378723,
          0.056061893701553345,
          0.056181102991104126,
          0.05624070763587952,
          0.0563301146030426,
          0.056084245443344116,
          0.055830925703048706,
          0.05564093589782715,
          0.056099146604537964,
          0.05675479769706726,
          0.05652382969856262,
          0.05646422505378723,
          0.05593523383140564,
          0.05632638931274414,
          0.05630403757095337,
          0.0588931143283844,
          0.05676969885826111,
          0.0558905303478241,
          0.056236982345581055,
          0.056002289056777954,
          0.05628541111946106,
          0.05636736750602722,
          0.05561113357543945,
          0.055748969316482544,
          0.05576014518737793,
          0.05600973963737488,
          0.05542486906051636
        ]
      },
      "sparsity_50percent": {
        "runtime_pruning": {
          "avg_time_ms": 119.35845591127872,
          "std_time_ms": 4.3964081878668955,
          "times": [
            147.45459333062172,
            117.95320361852646,
            119.64688077569008,
            117.21036210656166,
            117.60887503623962,
            117.20746383070946,
            117.87542700767517,
            117.36420169472694,
            119.91432309150696,
            118.2025894522667,
            118.73892694711685,
            118.57233196496964,
            120.7152009010315,
            117.31481924653053,
            117.34636127948761,
            117.10890755057335,
            117.11841821670532,
            118.31438913941383,
            124.17273968458176,
            118.1287169456482,
            118.05912852287292,
            118.1359589099884,
            117.46932193636894,
            117.16755479574203,
            117.64463037252426,
            119.63976547122002,
            117.98131093382835,
            117.98155307769775,
            121.14915996789932,
            118.66495013237,
            117.07396060228348,
            117.79717355966568,
            118.0138811469078,
            120.63855305314064,
            118.15938726067543,
            117.43460595607758,
            118.41410398483276,
            117.72104725241661,
            119.91309374570847,
            116.98419973254204,
            123.03692474961281,
            118.16643178462982,
            118.68985742330551,
            118.06091293692589,
            121.03205546736717,
            118.6068132519722,
            119.25819888710976,
            120.69054692983627,
            121.11052870750427,
            125.25845319032669
          ]
        },
        "compression": {
          "avg_time_ms": 0.6899990141391754,
          "std_time_ms": 0.007225743230371417,
          "times": [
            0.6990991532802582,
            0.6994493305683136,
            0.6973221898078918,
            0.6948001682758331,
            0.691492110490799,
            0.681411474943161,
            0.6880760192871094,
            0.6824769079685211,
            0.6872415542602539,
            0.678621232509613
          ]
        },
        "spmv_kernel": {
          "avg_time_ms": 0.05878247320652008,
          "std_time_ms": 0.0030042636120739324,
          "times": [
            0.06449967622756958,
            0.06372109055519104,
            0.06004795432090759,
            0.058498233556747437,
            0.05932152271270752,
            0.056941062211990356,
            0.05696341395378113,
            0.05562230944633484,
            0.05580484867095947,
            0.05640462040901184
          ],
          "mse_error": -1
        }
      },
      "sparsity_70percent": {
        "runtime_pruning": {
          "avg_time_ms": 118.23831364512444,
          "std_time_ms": 1.1659752694396497,
          "times": [
            116.90665036439896,
            117.16901883482933,
            117.41014569997787,
            117.59575828909874,
            118.14972758293152,
            119.16391924023628,
            122.50199168920517,
            117.73025244474411,
            118.1785985827446,
            117.52327159047127,
            117.2814890742302,
            117.13134497404099,
            117.36812815070152,
            117.27451533079147,
            117.8886853158474,
            117.5973005592823,
            120.46890705823898,
            117.75942519307137,
            120.21099776029587,
            118.04750189185143,
            117.56481975317001,
            119.96584385633469,
            117.68679693341255,
            117.76657029986382,
            117.21166968345642,
            117.59324371814728,
            120.20226567983627,
            118.95521357655525,
            118.07337030768394,
            120.13671547174454,
            117.89794266223907,
            116.91835895180702,
            117.31192842125893,
            117.21057072281837,
            118.32140758633614,
            118.05764585733414,
            119.87432092428207,
            119.17171999812126,
            117.82311648130417,
            118.31286549568176,
            118.33441630005836,
            121.13445997238159,
            117.97751113772392,
            118.26163902878761,
            117.78685078024864,
            117.74197965860367,
            117.92807653546333,
            117.88872629404068,
            117.8017258644104,
            117.64628067612648
          ]
        },
        "compression": {
          "avg_time_ms": 0.6795883178710938,
          "std_time_ms": 0.008640118593320647,
          "times": [
            0.7023066282272339,
            0.6764344871044159,
            0.6785504519939423,
            0.6750486791133881,
            0.6876438856124878,
            0.6778836250305176,
            0.6708800792694092,
            0.6731823086738586,
            0.677451491355896,
            0.6765015423297882
          ]
        },
        "spmv_kernel": {
          "avg_time_ms": 0.059071555733680725,
          "std_time_ms": 0.0032632503021079685,
          "times": [
            0.06175041198730469,
            0.059001147747039795,
            0.0676959753036499,
            0.05970895290374756,
            0.057794153690338135,
            0.057052820920944214,
            0.05693361163139343,
            0.056624412536621094,
            0.057462602853775024,
            0.05669146776199341
          ],
          "mse_error": -1
        }
      },
      "local_window_mv": {
        "avg_time_ms": 0.03648780286312103,
        "std_time_ms": 0.00236810558548612,