{
  "test_info": {
    "timestamp": "2025-08-12 20:13:35",
    "device": "cuda:1",
    "compression_available": true,
    "mustafar_available": true,
    "pytorch_version": "2.6.0+cu124",
    "cuda_version": "12.4"
  },
  "original_attention_prefill": {
    "config_0_1x512x64": {
      "config": {
        "batch_size": 1,
        "seq_len": 512,
        "head_dim": 64
      },
      "execution_time_ms": 0.11606216430664062,
      "time_std_ms": 0.006382140723840284,
      "output_shape": [
        1,
        512,
        64
      ],
      "memory_usage": {
        "initial": {
          "allocated_gb": 0.0,
          "reserved_gb": 0.0
        },
        "peak": {
          "allocated_gb": 0.00018310546875,
          "reserved_gb": 0.001953125
        }
      }
    },
    "config_1_2x1024x128": {
      "config": {
        "batch_size": 2,
        "seq_len": 1024,
        "head_dim": 128
      },
      "execution_time_ms": 0.12862682342529297,
      "time_std_ms": 0.059282217563884326,
      "output_shape": [
        2,
        1024,
        128
      ],
      "memory_usage": {
        "initial": {
          "allocated_gb": 0.0079345703125,
          "reserved_gb": 0.01953125
        },
        "peak": {
          "allocated_gb": 0.0093994140625,
          "reserved_gb": 0.021484375
        }
      }
    },
    "config_2_4x2048x128": {
      "config": {
        "batch_size": 4,
        "seq_len": 2048,
        "head_dim": 128
      },
      "execution_time_ms": 0.35669803619384766,
      "time_std_ms": 0.03861725274693936,
      "output_shape": [
        4,
        2048,
        128
      ],
      "memory_usage": {
        "initial": {
          "allocated_gb": 0.0079345703125,
          "reserved_gb": 0.01953125
        },
        "peak": {
          "allocated_gb": 0.0137939453125,
          "reserved_gb": 0.01953125
        }
      }
    }
  },
  "original_attention_decoding": {
    "config_0_1x512x64": {
      "config": {
        "batch_size": 1,
        "seq_len": 512,
        "head_dim": 64
      },
      "execution_time_ms": 0.11060237884521484,
      "time_std_ms": 0.003127648310113599,
      "output_shape": [
        1,
        1,
        64
      ],
      "kv_cache_length": 511,
      "memory_usage": {
        "initial": {
          "allocated_gb": 0.0079345703125,
          "reserved_gb": 0.01953125
        },
        "peak": {
          "allocated_gb": 0.00818014144897461,
          "reserved_gb": 0.021484375
        }
      }
    },
    "config_1_2x1024x128": {
      "config": {
        "batch_size": 2,
        "seq_len": 1024,
        "head_dim": 128
      },
      "execution_time_ms": 0.11110305786132812,
      "time_std_ms": 0.0035968822795192927,
      "output_shape": [
        2,
        1,
        128
      ],
      "kv_cache_length": 1023,
      "memory_usage": {
        "initial": {
          "allocated_gb": 0.0079345703125,
          "reserved_gb": 0.01953125
        },
        "peak": {
          "allocated_gb": 0.009888172149658203,
          "reserved_gb": 0.0234375
        }
      }
    },
    "config_2_4x2048x128": {
      "config": {
        "batch_size": 4,
        "seq_len": 2048,
        "head_dim": 128
      },
      "execution_time_ms": 0.10902881622314453,
      "time_std_ms": 0.0037893556231143985,
      "output_shape": [
        4,
        1,
        128
      ],
      "kv_cache_length": 2047,
      "memory_usage": {
        "initial": {
          "allocated_gb": 0.0079345703125,
          "reserved_gb": 0.01953125
        },
        "peak": {
          "allocated_gb": 0.015748023986816406,
          "reserved_gb": 0.021484375
        }
      }
    }
  },
  "mustafar_attention_prefill": {
    "config_0_1x512x64": {
      "config": {
        "batch_size": 1,
        "seq_len": 512,
        "head_dim": 64
      },
      "compression": {
        "time_ms": 499.9966621398926,
        "bitmap_shape": [
          1,
          4096
        ],
        "counts_shape": [
          1,
          4097
        ],
        "num_packed_batches": 1
      },
      "kernel": {
        "time_ms": 0.1857280731201172,
        "output_shape": [
          1,
          8,
          512
        ],
        "output_dtype": "torch.float16"
      },
      "memory_usage": {
        "initial": {
          "allocated_gb": 0.0079345703125,
          "reserved_gb": 0.01953125
        },
        "peak": {
          "allocated_gb": 0.009079933166503906,
          "reserved_gb": 0.021484375
        }
      }
    },
    "config_1_2x1024x128": {
      "config": {
        "batch_size": 2,
        "seq_len": 1024,
        "head_dim": 128
      },
      "compression": {
        "time_ms": 4.090309143066406,
        "bitmap_shape": [
          2,
          16384
        ],
        "counts_shape": [
          2,
          16385
        ],
        "num_packed_batches": 2
      },
      "kernel": {
        "time_ms": 0.11420249938964844,
        "output_shape": [
          2,
          8,
          1024
        ],
        "output_dtype": "torch.float16"
      },
      "memory_usage": {
        "initial": {
          "allocated_gb": 0.0079345703125,
          "reserved_gb": 0.01953125
        },
        "peak": {
          "allocated_gb": 0.015501976013183594,
          "reserved_gb": 0.0234375
        }
      }
    },
    "config_2_4x2048x128": {
      "config": {
        "batch_size": 4,
        "seq_len": 2048,
        "head_dim": 128
      },
      "compression": {
        "time_ms": 5.277156829833984,
        "bitmap_shape": [
          4,
          65536
        ],
        "counts_shape": [
          4,
          65537
        ],
        "num_packed_batches": 4
      },
      "kernel": {
        "time_ms": 0.19979476928710938,
        "output_shape": [
          4,
          8,
          2048
        ],
        "output_dtype": "torch.float16"
      },
      "memory_usage": {
        "initial": {
          "allocated_gb": 0.0079345703125,
          "reserved_gb": 0.01953125
        },
        "peak": {
          "allocated_gb": 0.06011819839477539,
          "reserved_gb": 0.10546875
        }
      }
    }
  },
  "mustafar_attention_decoding": {
    "config_0_1x512x64": {
      "config": {
        "batch_size": 1,
        "seq_len": 512,
        "head_dim": 64
      },
      "compression": {
        "time_ms": 5.158662796020508,
        "bitmap_shape": [
          1,
          4096
        ],
        "counts_shape": [
          1,
          4097
        ],
        "num_packed_batches": 1
      },
      "kernel": {
        "error": "The size of tensor a (64) must match the size of tensor b (512) at non-singleton dimension 2"
      }
    },
    "config_1_2x1024x128": {
      "config": {
        "batch_size": 2,
        "seq_len": 1024,
        "head_dim": 128
      },
      "compression": {
        "time_ms": 3.4537315368652344,
        "bitmap_shape": [
          2,
          16384
        ],
        "counts_shape": [
          2,
          16385
        ],
        "num_packed_batches": 2
      },
      "kernel": {
        "error": "The size of tensor a (128) must match the size of tensor b (1024) at non-singleton dimension 2"
      }
    },
    "config_2_4x2048x128": {
      "config": {
        "batch_size": 4,
        "seq_len": 2048,
        "head_dim": 128
      },
      "compression": {
        "time_ms": 4.667997360229492,
        "bitmap_shape": [
          4,
          65536
        ],
        "counts_shape": [
          4,
          65537
        ],
        "num_packed_batches": 4
      },
      "kernel": {
        "error": "The size of tensor a (128) must match the size of tensor b (2048) at non-singleton dimension 2"
      }
    }
  },
  "performance_comparison": {
    "prefill_phase": {
      "config_0_1x512x64": {
        "original_time_ms": 0.11606216430664062,
        "mustafar_compression_time_ms": 499.9966621398926,
        "mustafar_kernel_time_ms": 0.1857280731201172,
        "mustafar_total_time_ms": 500.1823902130127,