{
  "experiment_info": {
    "timestamp": "2025-09-22 15:47:11",
    "device": "cuda:0",
    "compression_available": false,
    "mustafar_available": true,
    "pytorch_version": "2.6.0+cu124",
    "cuda_version": "12.4",
    "warmup_iterations": 10,
    "measurement_iterations": 50
  },
  "results": {
    "llama2_7b": {
      "cublas_dense_mv": {
        "avg_time_ms": 0.04244373179972172,
        "std_time_ms": 0.0007108485499333455,
        "times": [
          0.04629185423254967,
          0.04393886774778366,
          0.04336889833211899,
          0.043453648686409,
          0.043040141463279724,
          0.04329066723585129,
          0.04306621849536896,
          0.04352303221821785,
          0.042932573705911636,
          0.04235561937093735,
          0.041960738599300385,
          0.04209810867905617,
          0.04220427945256233,
          0.042129773646593094,
          0.042100902646780014,
          0.042072031646966934,
          0.04206923767924309,
          0.04227086901664734,
          0.04226900637149811,
          0.04219496622681618,
          0.04226295277476311,
          0.04234490916132927,
          0.04205293953418732,
          0.04252186045050621,
          0.04224199801683426,
          0.042193103581666946,
          0.04226388409733772,
          0.04220101982355118,
          0.042323023080825806,
          0.04219077527523041,
          0.04212465137243271,
          0.04213117063045502,
          0.042005907744169235,
          0.04226388409733772,
          0.04231184720993042,
          0.042147934436798096,
          0.041954685002565384,
          0.042187049984931946,
          0.04208274185657501,
          0.042061787098646164,
          0.042153988033533096,
          0.042310915887355804,
          0.042153988033533096,
          0.0420096330344677,
          0.04202965646982193,
          0.042153988033533096,
          0.042090192437171936,
          0.04233699291944504,
          0.042214058339595795,
          0.04223361611366272
        ]
      },
      "sparsity_50percent": {
        "runtime_pruning": {
          "avg_time_ms": 88.92245836555958,
          "std_time_ms": 4.4585091082139945,
          "times": [
            119.97777875512838,
            88.45069399103522,
            88.0726408213377,
            87.9070358350873,
            89.88785464316607,
            87.91401702910662,
            88.1686881184578,
            88.61723402515054,
            89.89435527473688,
            88.06002605706453,
            88.23380013927817,
            88.23300898075104,
            88.26540922746062,
            88.12370710074902,
            88.05012656375766,
            88.09006493538618,
            89.27578013390303,
            88.36313057690859,
            88.31326570361853,
            88.12524192035198,
            88.17296009510756,
            88.76557508483529,
            87.52026595175266,
            87.68346533179283,
            88.40497490018606,
            88.12924707308412,
            88.26356194913387,
            88.28325709328055,
            88.33909733220935,
            88.93334493041039,
            88.0872500129044,
            87.91963383555412,
            87.87605818361044,
            87.8609218634665,
            88.13812071457505,
            88.26638013124466,
            88.90817081555724,
            88.33430334925652,
            88.13151903450489,
            88.25495792552829,
            88.10542011633515,
            88.07545993477106,
            88.20382412523031,
            88.21591595187783,
            88.37433997541666,
            88.55901379138231,
            88.00819935277104,
            88.17376103252172,
            88.04536378011107,
            88.06469477713108
          ]
        },
        "compression": {
          "error": "Compression not available"
        },
        "spmv_kernel": {
          "error": "Mustafar kernel not available"
        }
      },
      "sparsity_70percent": {
        "runtime_pruning": {
          "avg_time_ms": 87.90358107537031,
          "std_time_ms": 0.29212476685869326,
          "times": [
            88.02028372883797,
            89.13137903437018,
            88.22871930897236,
            87.79685106128454,
            88.19877309724689,
            87.78115175664425,
            87.6037678681314,
            87.91248826310039,
            87.92256889864802,
            87.88204099982977,
            87.97995466738939,
            88.39245093986392,
            87.30382891371846,
            87.51841401681304,
            88.13594235107303,
            87.68347091972828,
            87.77759689837694,
            88.09574320912361,
            87.91629411280155,
            87.63545099645853,
            88.30411499366164,
            88.33187911659479,
            87.78934692963958,
            87.54789596423507,
            87.54296973347664,
            87.85502333194017,
            88.02840486168861,
            87.61971816420555,
            87.7391486428678,
            87.78222789987922,
            87.9666106775403,
            88.03246170282364,
            87.74576894938946,
            88.3055292069912,
            88.17162364721298,
            87.94598141685128,
            87.57469290867448,
            87.76676282286644,
            87.68639713525772,
            87.8426032140851,
            87.88336487486959,
            87.8756558522582,
            87.97157416120172,
            87.85773161798716,
            87.92710909619927,
            87.56335964426398,
            88.01150787621737,
            87.62179920449853,
            87.89960714057088,
            88.0710119381547
          ]
        },
        "compression": {
          "error": "Compression not available"
        },
        "spmv_kernel": {
          "error": "Mustafar kernel not available"
        }
      },
      "local_window_mv": {
        "avg_time_ms": 0.02638307400047779,
        "std_time_ms": 0.0009987825925622273,
        "times": [
          0.0273827463388443,
          0.027740374207496643,
          0.026870984584093094,
          0.026724301278591156,
          0.026663299649953842,
          0.02690032124519348,
          0.026538968086242676,
          0.026399735361337662,
          0.026084017008543015,
          0.026584137231111526,
          0.02657482400536537,
          0.027101021260023117,
          0.0267690047621727,
          0.0270940363407135,
          0.026864930987358093,
          0.026903115212917328,
          0.026911962777376175,
          0.02691289409995079,
          0.027199741452932358,
          0.02705072984099388,
          0.026864930987358093,
          0.02692360430955887,
          0.026916619390249252,
          0.026973895728588104,
          0.025996007025241852,
          0.026030000299215317,
          0.02580881118774414,
          0.025558751076459885,
          0.02518296241760254,
          0.02562534064054489,
          0.02555130049586296,
          0.03159511834383011,
          0.026531051844358444,
          0.026073306798934937,
          0.025738030672073364,
          0.02560485154390335,
          0.02548377960920334,
          0.025762710720300674,
          0.02548377960920334,
          0.025618821382522583,
          0.025589019060134888,
          0.02664094790816307,
          0.02588331699371338,
          0.025418121367692947,
          0.02578599378466606,
          0.025467947125434875,
          0.025568995624780655,
          0.02556154504418373,
          0.025101937353610992,
          0.02554105594754219
        ]
      },
      "percentage_analysis": {
        "sparsity_50percent": {
          "pruning_percent": 209506.69178939302,
          "compression_percent": 0.0,
          "spmv_percent": 0.0,
          "local_window_percent": 62.160118542287954
        },
        "sparsity_70percent": {
          "pruning_percent": 207106.15525081294,
          "compression_percent": 0.0,
          "spmv_percent": 0.0,