{
  "model_path": "/home/zh/model/Meta-Llama-3-8B-Instruct",
  "target_sparsity": 0.7,
  "granularity": "per_layer",
  "sparsity_levels": [
    0.0,
    0.5,
    0.7,
    0.9,
    1.0
  ],
  "target_distribution": [
    0.05,
    0.15,
    0.3,
    0.3,
    0.2
  ],
  "target_percentiles": null,
  "outlier_threshold": 0.01,
  "method": "TEAL-style statistical approach",
  "thresholds": {
    "layer_0": {
      "alpha_h": 9.324786186218262,
      "alpha_mh": 3.551269054412842,
      "alpha_m": 1.5362244844436646,
      "alpha_ml": 0.7283896803855896
    },
    "layer_1": {
      "alpha_h": 3.6592726707458496,
      "alpha_mh": 1.123425841331482,
      "alpha_m": 0.5153709650039673,
      "alpha_ml": 0.32679539918899536
    },
    "layer_2": {
      "alpha_h": 1.6793193817138672,
      "alpha_mh": 0.6171247959136963,
      "alpha_m": 0.29880520701408386,
      "alpha_ml": 0.16688095033168793
    },
    "layer_3": {
      "alpha_h": 2.566943645477295,
      "alpha_mh": 0.8893769979476929,
      "alpha_m": 0.41530317068099976,
      "alpha_ml": 0.22831052541732788
    },
    "layer_4": {
      "alpha_h": 3.400698184967041,
      "alpha_mh": 1.1554279327392578,
      "alpha_m": 0.5453013181686401,
      "alpha_ml": 0.31648269295692444
    },
    "layer_5": {
      "alpha_h": 4.054561614990234,
      "alpha_mh": 1.4270116090774536,
      "alpha_m": 0.6392458081245422,
      "alpha_ml": 0.34305280447006226
    },
    "layer_6": {
      "alpha_h": 5.341916084289551,
      "alpha_mh": 1.7897021770477295,
      "alpha_m": 0.8314931392669678,
      "alpha_ml": 0.4624316096305847
    },
    "layer_7": {
      "alpha_h": 6.4064130783081055,
      "alpha_mh": 2.104156255722046,
      "alpha_m": 0.8946056365966797,
      "alpha_ml": 0.46715298295021057
    },
    "layer_8": {
      "alpha_h": 6.668790340423584,
      "alpha_mh": 2.360128164291382,
      "alpha_m": 1.0219858884811401,
      "alpha_ml": 0.5204414129257202
    },
    "layer_9": {
      "alpha_h": 6.637570381164551,
      "alpha_mh": 2.3528401851654053,
      "alpha_m": 1.039588451385498,
      "alpha_ml": 0.5370454788208008
    },
    "layer_10": {
      "alpha_h": 6.059863567352295,
      "alpha_mh": 2.166560411453247,
      "alpha_m": 0.9958294630050659,
      "alpha_ml": 0.5216711759567261
    },
    "layer_11": {
      "alpha_h": 7.271440505981445,
      "alpha_mh": 2.651052951812744,
      "alpha_m": 1.1623764038085938,
      "alpha_ml": 0.5994375944137573
    },
    "layer_12": {
      "alpha_h": 8.708232879638672,
      "alpha_mh": 2.7147388458251953,
      "alpha_m": 1.1588530540466309,
      "alpha_ml": 0.6081360578536987
    },
    "layer_13": {
      "alpha_h": 6.821844100952148,
      "alpha_mh": 2.6178929805755615,
      "alpha_m": 1.1125239133834839,
      "alpha_ml": 0.5674083828926086
    },
    "layer_14": {
      "alpha_h": 7.067191123962402,
      "alpha_mh": 2.588441848754883,
      "alpha_m": 1.1250982284545898,
      "alpha_ml": 0.60712069272995
    },
    "layer_15": {
      "alpha_h": 6.6696882247924805,
      "alpha_mh": 2.3042712211608887,
      "alpha_m": 1.0572972297668457,
      "alpha_ml": 0.6043888330459595
    },
    "layer_16": {
      "alpha_h": 5.817451000213623,
      "alpha_mh": 2.057785749435425,
      "alpha_m": 0.8954070806503296,
      "alpha_ml": 0.4973073899745941
    },
    "layer_17": {
      "alpha_h": 4.889825820922852,
      "alpha_mh": 1.8317782878875732,
      "alpha_m": 0.8718845844268799,
      "alpha_ml": 0.4908962845802307
    },
    "layer_18": {
      "alpha_h": 3.511446952819824,
      "alpha_mh": 1.2657712697982788,
      "alpha_m": 0.5522786378860474,
      "alpha_ml": 0.2941274046897888
    },
    "layer_19": {
      "alpha_h": 2.76487398147583,
      "alpha_mh": 1.048600435256958,
      "alpha_m": 0.5164139270782471,
      "alpha_ml": 0.28955966234207153
    },
    "layer_20": {
      "alpha_h": 2.842226028442383,
      "alpha_mh": 1.088766098022461,
      "alpha_m": 0.5418154001235962,
      "alpha_ml": 0.3145638704299927
    },
    "layer_21": {
      "alpha_h": 3.6718902587890625,
      "alpha_mh": 1.2966924905776978,
      "alpha_m": 0.6205540895462036,
      "alpha_ml": 0.36206138134002686
    },
    "layer_22": {
      "alpha_h": 2.863969087600708,
      "alpha_mh": 1.0838086605072021,
      "alpha_m": 0.49398675560951233,
      "alpha_ml": 0.2756851315498352
    },
    "layer_23": {
      "alpha_h": 2.1143107414245605,
      "alpha_mh": 0.8381670117378235,
      "alpha_m": 0.37371957302093506,
      "alpha_ml": 0.2056301087141037
    },
    "layer_24": {
      "alpha_h": 1.971771001815796,
      "alpha_mh": 0.787337601184845,
      "alpha_m": 0.3477526903152466,
      "alpha_ml": 0.18788112699985504
    },
    "layer_25": {
      "alpha_h": 1.9472987651824951,
      "alpha_mh": 0.7082791924476624,
      "alpha_m": 0.3133801817893982,
      "alpha_ml": 0.1754726767539978
    },
    "layer_26": {
      "alpha_h": 3.372556209564209,
      "alpha_mh": 1.165210247039795,
      "alpha_m": 0.5240381360054016,
      "alpha_ml": 0.2995241582393646
    },
    "layer_27": {
      "alpha_h": 2.8165838718414307,
      "alpha_mh": 1.0442568063735962,
      "alpha_m": 0.4732204079627991,
      "alpha_ml": 0.26901471614837646
    },
    "layer_28": {
      "alpha_h": 3.798173666000366,
      "alpha_mh": 1.2906522750854492,
      "alpha_m": 0.6339884400367737,
      "alpha_ml": 0.38577401638031006
    },
    "layer_29": {
      "alpha_h": 2.8221449851989746,
      "alpha_mh": 0.9812434315681458,
      "alpha_m": 0.41373807191848755,
      "alpha_ml": 0.25155892968177795
    },
    "layer_30": {
      "alpha_h": 4.347742557525635,
      "alpha_mh": 1.6920692920684814,
      "alpha_m": 0.7848678231239319,
      "alpha_ml": 0.467442125082016
    },
    "layer_31": {
      "alpha_h": 5.645643711090088,
      "alpha_mh": 1.8542773723602295,
      "alpha_m": 0.8653063178062439,
      "alpha_ml": 0.5555978417396545
    }
  }
}