{
  "layer10_threshold_high_median_cv_percent": 10.206450114420244,
  "layer10_threshold_low_median_cv_percent": 14.369845689769148,
  "layer20_threshold_high_median_cv_percent": 19.395953019535636,
  "layer20_threshold_low_median_cv_percent": 19.824542737110505
}