{
  "greedy_results_file": "sensitivity_results/greedy_search_results.json",
  "model_path": "/home/zh/model/Meta-Llama-3-8B-Instruct",
  "max_length": 8192,
  "residual_length": 128,
  "sparsity_config": {
    "0": 0.48,
    "1": 0.48,
    "2": 0.52,
    "3": 0.44,
    "4": 0.48,
    "5": 0.44,
    "6": 0.4,
    "7": 0.44,
    "8": 0.4,
    "9": 0.44,
    "10": 0.8800000000000003,
    "11": 0.52,
    "12": 0.9600000000000004,
    "13": 0.9600000000000004,
    "14": 0.48,
    "15": 0.9600000000000004,
    "16": 0.6800000000000002,
    "17": 0.9600000000000004,
    "18": 0.44,
    "19": 0.9600000000000004,
    "20": 0.9600000000000004,
    "21": 0.9600000000000004,
    "22": 0.9600000000000004,
    "23": 0.9600000000000004,
    "24": 0.9600000000000004,
    "25": 0.44,
    "26": 0.9600000000000004,
    "27": 0.4,
    "28": 0.9600000000000004,
    "29": 0.9600000000000004,
    "30": 0.9600000000000004,
    "31": 0.6000000000000001
  },
  "average_sparsity": 0.7000000000000002,
  "final_avg_sparsity": 0.7000000000000002
}