{
  "fisher_results_file": "fisher_sensitivity_results/fisher_sparsity_allocation.json",
  "model_path": "/home/zh/model/Meta-Llama-3-8B-Instruct",
  "max_length": 8192,
  "residual_length": 128,
  "sparsity_config": {
    "0": 0.9,
    "1": 0.89,
    "2": 0.89,
    "3": 0.89,
    "4": 0.89,
    "5": 0.89,
    "6": 0.89,
    "7": 0.89,
    "8": 0.89,
    "9": 0.89,
    "10": 0.89,
    "11": 0.89,
    "12": 0.89,
    "13": 0.89,
    "14": 0.82,
    "15": 0.82,
    "16": 0.82,
    "17": 0.46,
    "18": 0.82,
    "19": 0.75,
    "20": 0.71,
    "21": 0.71,
    "22": 0.57,
    "23": 0.71,
    "24": 0.57,
    "25": 0.5,
    "26": 0.46,
    "27": 0.32,
    "28": 0.28,
    "29": 0.2,
    "30": 0.21,
    "31": 0.2
  },
  "target_avg_sparsity": 0.7,
  "actual_avg_sparsity": 0.7,
  "calculated_avg_sparsity": 0.7,
  "method": "fisher_information",
  "solver_status": "optimal",
  "total_sensitivity": 6006.994615337153,
  "n_layers": 32,
  "min_sparsity": 0.2,
  "max_sparsity": 0.9,
  "original_fisher_results": {
    "optimal_sparsity": [
      90,
      89,
      89,
      89,
      89,
      89,
      89,
      89,
      89,
      89,
      89,
      89,
      89,
      89,
      82,
      82,
      82,
      46,
      82,
      75,
      71,
      71,
      57,
      71,
      57,
      50,
      46,
      32,
      28,
      20,
      21,
      20
    ],
    "target_avg_sparsity": 70.0,
    "actual_avg_sparsity": 70.0,
    "n_layers": 32,
    "sparsity_choices": [
      20,
      21,
      22,
      23,
      24,
      25,
      26,
      27,
      28,
      29,
      30,
      31,
      32,
      33,
      34,
      35,
      36,
      37,
      38,
      39,
      40,
      41,
      42,
      43,
      44,
      45,
      46,
      47,
      48,
      49,
      50,
      51,
      52,
      53,
      54,
      55,
      56,
      57,
      58,
      59,
      60,
      61,
      62,
      63,
      64,
      65,
      66,
      67,
      68,
      69,
      70,
      71,
      72,
      73,
      74,
      75,
      76,
      77,
      78,
      79,
      80,
      81,
      82,
      83,
      84,
      85,
      86,
      87,
      88,
      89,
      90
    ],
    "min_sparsity": 20.0,
    "max_sparsity": 90.0,
    "total_sensitivity": 6006.994615337153,
    "solver_status": "optimal",
    "method": "fisher_information"
  }
}